{
    "libraryDependencies": [],
    "libraryName": "m",
    "libraryTypes": [],
    "libraryEnums": [],
    "libraryAnnotations": [],
    "libraryFunctions": [
        { "foreignFunctionName": "acos",
          "foreignFunctionAnnotations": [],
          "foreignFunctionLinkage": { "LinkDefault": [] },
          "foreignFunctionReturnType": {"CDouble": []},
          "foreignFunctionParameters": [
              { "parameterAnnotations": [],
                "parameterName": "x",
                "parameterType": {"CDouble": []}
              }
          ]
        },
        { "foreignFunctionName": "asin",
          "foreignFunctionAnnotations": [],
          "foreignFunctionLinkage": { "LinkDefault": [] },
          "foreignFunctionReturnType": {"CDouble": []},
          "foreignFunctionParameters": [
              { "parameterAnnotations": [],
                "parameterName": "x",
                "parameterType": {"CDouble": []}
              }
          ]
        },
        { "foreignFunctionName": "atan",
          "foreignFunctionAnnotations": [],
          "foreignFunctionLinkage": { "LinkDefault": [] },
          "foreignFunctionReturnType": {"CDouble": []},
          "foreignFunctionParameters": [
              { "parameterAnnotations": [],
                "parameterName": "x",
                "parameterType": {"CDouble": []}
              }
          ]
        },
        { "foreignFunctionName": "atan2",
          "foreignFunctionAnnotations": [],
          "foreignFunctionLinkage": { "LinkDefault": [] },
          "foreignFunctionReturnType": {"CDouble": []},
          "foreignFunctionParameters": [
              { "parameterAnnotations": [],
                "parameterName": "y",
                "parameterType": {"CDouble": []}
              },
              { "parameterAnnotations": [],
                "parameterName": "x",
                "parameterType": {"CDouble": []}
              }
          ]
        },
        { "foreignFunctionName": "cos",
          "foreignFunctionAnnotations": [],
          "foreignFunctionLinkage": { "LinkDefault": [] },
          "foreignFunctionReturnType": {"CDouble": []},
          "foreignFunctionParameters": [
              { "parameterAnnotations": [],
                "parameterName": "x",
                "parameterType": {"CDouble": []}
              }
          ]
        },
        { "foreignFunctionName": "cosh",
          "foreignFunctionAnnotations": [],
          "foreignFunctionLinkage": { "LinkDefault": [] },
          "foreignFunctionReturnType": {"CDouble": []},
          "foreignFunctionParameters": [
              { "parameterAnnotations": [],
                "parameterName": "x",
                "parameterType": {"CDouble": []}
              }
          ]
        },
        { "foreignFunctionName": "sin",
          "foreignFunctionAnnotations": [],
          "foreignFunctionLinkage": { "LinkDefault": [] },
          "foreignFunctionReturnType": {"CDouble": []},
          "foreignFunctionParameters": [
              { "parameterAnnotations": [],
                "parameterName": "x",
                "parameterType": {"CDouble": []}
              }
          ]
        },
        { "foreignFunctionName": "sinh",
          "foreignFunctionAnnotations": [],
          "foreignFunctionLinkage": { "LinkDefault": [] },
          "foreignFunctionReturnType": {"CDouble": []},
          "foreignFunctionParameters": [
              { "parameterAnnotations": [],
                "parameterName": "x",
                "parameterType": {"CDouble": []}
              }
          ]
        },
        { "foreignFunctionName": "tan",
          "foreignFunctionAnnotations": [],
          "foreignFunctionLinkage": { "LinkDefault": [] },
          "foreignFunctionReturnType": {"CDouble": []},
          "foreignFunctionParameters": [
              { "parameterAnnotations": [],
                "parameterName": "x",
                "parameterType": {"CDouble": []}
              }
          ]
        },
        { "foreignFunctionName": "tanh",
          "foreignFunctionAnnotations": [],
          "foreignFunctionLinkage": { "LinkDefault": [] },
          "foreignFunctionReturnType": {"CDouble": []},
          "foreignFunctionParameters": [
              { "parameterAnnotations": [],
                "parameterName": "x",
                "parameterType": {"CDouble": []}
              }
          ]
        },
        { "foreignFunctionName": "exp",
          "foreignFunctionAnnotations": [],
          "foreignFunctionLinkage": { "LinkDefault": [] },
          "foreignFunctionReturnType": {"CDouble": []},
          "foreignFunctionParameters": [
              { "parameterAnnotations": [],
                "parameterName": "x",
                "parameterType": {"CDouble": []}
              }
          ]
        },
        { "foreignFunctionName": "frexp",
          "foreignFunctionAnnotations": [],
          "foreignFunctionLinkage": { "LinkDefault": [] },
          "foreignFunctionReturnType": {"CDouble": []},
          "foreignFunctionParameters": [
              { "parameterAnnotations": [],
                "parameterName": "x",
                "parameterType": {"CDouble": []}
              },
              { "parameterAnnotations": [{"PAOut":[]}],
                "parameterName": "exponent",
                "parameterType": {"CPointer": {"CInt": 32}}
              }
          ]
        },
        { "foreignFunctionName": "ldexp",
          "foreignFunctionAnnotations": [],
          "foreignFunctionLinkage": { "LinkDefault": [] },
          "foreignFunctionReturnType": {"CDouble": []},
          "foreignFunctionParameters": [
              { "parameterAnnotations": [],
                "parameterName": "x",
                "parameterType": {"CDouble": []}
              },
              { "parameterAnnotations": [],
                "parameterName": "exponent",
                "parameterType": {"CInt": 32}
              }
          ]
        },
        { "foreignFunctionName": "log",
          "foreignFunctionAnnotations": [],
          "foreignFunctionLinkage": { "LinkDefault": [] },
          "foreignFunctionReturnType": {"CDouble": []},
          "foreignFunctionParameters": [
              { "parameterAnnotations": [],
                "parameterName": "x",
                "parameterType": {"CDouble": []}
              }
          ]
        },
        { "foreignFunctionName": "log10",
          "foreignFunctionAnnotations": [],
          "foreignFunctionLinkage": { "LinkDefault": [] },
          "foreignFunctionReturnType": {"CDouble": []},
          "foreignFunctionParameters": [
              { "parameterAnnotations": [],
                "parameterName": "x",
                "parameterType": {"CDouble": []}
              }
          ]
        },
        { "foreignFunctionName": "modf",
          "foreignFunctionAnnotations": [],
          "foreignFunctionLinkage": { "LinkDefault": [] },
          "foreignFunctionReturnType": {"CDouble": []},
          "foreignFunctionParameters": [
              { "parameterAnnotations": [],
                "parameterName": "x",
                "parameterType": {"CDouble": []}
              },
              { "parameterAnnotations": [{"PAOut": []}],
                "parameterName": "integer",
                "parameterType": {"CPointer": {"CInt": 32}}
              }
          ]
        },
        { "foreignFunctionName": "pow",
          "foreignFunctionAnnotations": [],
          "foreignFunctionLinkage": { "LinkDefault": [] },
          "foreignFunctionReturnType": {"CDouble": []},
          "foreignFunctionParameters": [
              { "parameterAnnotations": [],
                "parameterName": "x",
                "parameterType": {"CDouble": []}
              },
              { "parameterAnnotations": [],
                "parameterName": "y",
                "parameterType": {"CDouble": []}
              }
          ]
        },
        { "foreignFunctionName": "sqrt",
          "foreignFunctionAnnotations": [],
          "foreignFunctionLinkage": { "LinkDefault": [] },
          "foreignFunctionReturnType": {"CDouble": []},
          "foreignFunctionParameters": [
              { "parameterAnnotations": [],
                "parameterName": "x",
                "parameterType": {"CDouble": []}
              }
          ]
        },
        { "foreignFunctionName": "ceil",
          "foreignFunctionAnnotations": [],
          "foreignFunctionLinkage": { "LinkDefault": [] },
          "foreignFunctionReturnType": {"CDouble": []},
          "foreignFunctionParameters": [
              { "parameterAnnotations": [],
                "parameterName": "x",
                "parameterType": {"CDouble": []}
              }
          ]
        },
        { "foreignFunctionName": "fabs",
          "foreignFunctionAnnotations": [],
          "foreignFunctionLinkage": { "LinkDefault": [] },
          "foreignFunctionReturnType": {"CDouble": []},
          "foreignFunctionParameters": [
              { "parameterAnnotations": [],
                "parameterName": "x",
                "parameterType": {"CDouble": []}
              }
          ]
        },
        { "foreignFunctionName": "floor",
          "foreignFunctionAnnotations": [],
          "foreignFunctionLinkage": { "LinkDefault": [] },
          "foreignFunctionReturnType": {"CDouble": []},
          "foreignFunctionParameters": [
              { "parameterAnnotations": [],
                "parameterName": "x",
                "parameterType": {"CDouble": []}
              }
          ]
        },
        { "foreignFunctionName": "fmod",
          "foreignFunctionAnnotations": [],
          "foreignFunctionLinkage": { "LinkDefault": [] },
          "foreignFunctionReturnType": {"CDouble": []},
          "foreignFunctionParameters": [
              { "parameterAnnotations": [],
                "parameterName": "x",
                "parameterType": {"CDouble": []}
              },
              { "parameterAnnotations": [],
                "parameterName": "y",
                "parameterType": {"CDouble": []}
              }
          ]
        },
        { "foreignFunctionName": "finite",
          "foreignFunctionAnnotations": [],
          "foreignFunctionLinkage": { "LinkDefault": [] },
          "foreignFunctionReturnType": {"CInt": 32},
          "foreignFunctionParameters": [
              { "parameterAnnotations": [],
                "parameterName": "x",
                "parameterType": {"CDouble": []}
              }
          ]
        },
        { "foreignFunctionName": "finitef",
          "foreignFunctionAnnotations": [],
          "foreignFunctionLinkage": { "LinkDefault": [] },
          "foreignFunctionReturnType": {"CInt": 32},
          "foreignFunctionParameters": [
              { "parameterAnnotations": [],
                "parameterName": "x",
                "parameterType": {"CFloat": []}
              }
          ]
        },
        { "foreignFunctionName": "hypot",
          "foreignFunctionAnnotations": [],
          "foreignFunctionLinkage": { "LinkDefault": [] },
          "foreignFunctionReturnType": {"CDouble": []},
          "foreignFunctionParameters": [
              { "parameterAnnotations": [],
                "parameterName": "x",
                "parameterType": {"CDouble": []}
              },
              { "parameterAnnotations": [],
                "parameterName": "y",
                "parameterType": {"CDouble": []}
              }
          ]
        },
        { "foreignFunctionName": "hypotf",
          "foreignFunctionAnnotations": [],
          "foreignFunctionLinkage": { "LinkDefault": [] },
          "foreignFunctionReturnType": {"CFloat": []},
          "foreignFunctionParameters": [
              { "parameterAnnotations": [],
                "parameterName": "x",
                "parameterType": {"CFloat": []}
              },
              { "parameterAnnotations": [],
                "parameterName": "y",
                "parameterType": {"CFloat": []}
              }
          ]
        },
        { "foreignFunctionName": "log1p",
          "foreignFunctionAnnotations": [],
          "foreignFunctionLinkage": { "LinkDefault": [] },
          "foreignFunctionReturnType": {"CDouble": []},
          "foreignFunctionParameters": [
              { "parameterAnnotations": [],
                "parameterName": "x",
                "parameterType": {"CDouble": []}
              }
          ]
        },
        { "foreignFunctionName": "log1pf",
          "foreignFunctionAnnotations": [],
          "foreignFunctionLinkage": { "LinkDefault": [] },
          "foreignFunctionReturnType": {"CFloat": []},
          "foreignFunctionParameters": [
              { "parameterAnnotations": [],
                "parameterName": "x",
                "parameterType": {"CFloat": []}
              }
          ]
        },
        { "foreignFunctionName": "expm1",
          "foreignFunctionAnnotations": [],
          "foreignFunctionLinkage": { "LinkDefault": [] },
          "foreignFunctionReturnType": {"CDouble": []},
          "foreignFunctionParameters": [
              { "parameterAnnotations": [],
                "parameterName": "x",
                "parameterType": {"CDouble": []}
              }
          ]
        },
        { "foreignFunctionName": "expm1f",
          "foreignFunctionAnnotations": [],
          "foreignFunctionLinkage": { "LinkDefault": [] },
          "foreignFunctionReturnType": {"CFloat": []},
          "foreignFunctionParameters": [
              { "parameterAnnotations": [],
                "parameterName": "x",
                "parameterType": {"CFloat": []}
              }
          ]
        },
        { "foreignFunctionName": "atanh",
          "foreignFunctionAnnotations": [],
          "foreignFunctionLinkage": { "LinkDefault": [] },
          "foreignFunctionReturnType": {"CDouble": []},
          "foreignFunctionParameters": [
              { "parameterAnnotations": [],
                "parameterName": "x",
                "parameterType": {"CDouble": []}
              }
          ]
        },
        { "foreignFunctionName": "atanhf",
          "foreignFunctionAnnotations": [],
          "foreignFunctionLinkage": { "LinkDefault": [] },
          "foreignFunctionReturnType": {"CFloat": []},
          "foreignFunctionParameters": [
              { "parameterAnnotations": [],
                "parameterName": "x",
                "parameterType": {"CFloat": []}
              }
          ]
        },
        { "foreignFunctionName": "acosh",
          "foreignFunctionAnnotations": [],
          "foreignFunctionLinkage": { "LinkDefault": [] },
          "foreignFunctionReturnType": {"CDouble": []},
          "foreignFunctionParameters": [
              { "parameterAnnotations": [],
                "parameterName": "x",
                "parameterType": {"CDouble": []}
              }
          ]
        },
        { "foreignFunctionName": "acoshf",
          "foreignFunctionAnnotations": [],
          "foreignFunctionLinkage": { "LinkDefault": [] },
          "foreignFunctionReturnType": {"CFloat": []},
          "foreignFunctionParameters": [
              { "parameterAnnotations": [],
                "parameterName": "x",
                "parameterType": {"CFloat": []}
              }
          ]
        },
        { "foreignFunctionName": "nan",
          "foreignFunctionAnnotations": [],
          "foreignFunctionLinkage": { "LinkDefault": [] },
          "foreignFunctionReturnType": {"CDouble": []},
          "foreignFunctionParameters": [
              { "parameterAnnotations": [{"PAArray": 1}, {"PAConst": []}, {"PAString": []}],
                "parameterName": "tagp",
                "parameterType": {"CPointer": {"CInt": 8}}
              }
          ]
        },
        { "foreignFunctionName": "nanf",
          "foreignFunctionAnnotations": [],
          "foreignFunctionLinkage": { "LinkDefault": [] },
          "foreignFunctionReturnType": {"CFloat": []},
          "foreignFunctionParameters": [
              { "parameterAnnotations": [{"PAArray": 1}, {"PAConst": []}, {"PAString": []}],
                "parameterName": "tagp",
                "parameterType": {"CPointer": {"CInt": 8}}
              }
          ]
        },
        { "foreignFunctionName": "__isnan",
          "foreignFunctionAnnotations": [],
          "foreignFunctionLinkage": { "LinkDefault": [] },
          "foreignFunctionReturnType": {"CInt": 32},
          "foreignFunctionParameters": [
              { "parameterAnnotations": [],
                "parameterName": "x",
                "parameterType": {"CDouble": []}
              }
          ]
        },
        { "foreignFunctionName": "__isnanf",
          "foreignFunctionAnnotations": [],
          "foreignFunctionLinkage": { "LinkDefault": [] },
          "foreignFunctionReturnType": {"CInt": 32},
          "foreignFunctionParameters": [
              { "parameterAnnotations": [],
                "parameterName": "x",
                "parameterType": {"CFloat": []}
              }
          ]
        },
        { "foreignFunctionName": "__isnanl",
          "foreignFunctionAnnotations": [],
          "foreignFunctionLinkage": { "LinkDefault": [] },
          "foreignFunctionReturnType": {"CInt": 32},
          "foreignFunctionParameters": [
              { "parameterAnnotations": [],
                "parameterName": "x",
                "parameterType": {"CDouble": []}
              }
          ]
        },
        { "foreignFunctionName": "__isinf",
          "foreignFunctionAnnotations": [],
          "foreignFunctionLinkage": { "LinkDefault": [] },
          "foreignFunctionReturnType": {"CInt": 32},
          "foreignFunctionParameters": [
              { "parameterAnnotations": [],
                "parameterName": "x",
                "parameterType": {"CDouble": []}
              }
          ]
        },
        { "foreignFunctionName": "__isinff",
          "foreignFunctionAnnotations": [],
          "foreignFunctionLinkage": { "LinkDefault": [] },
          "foreignFunctionReturnType": {"CInt": 32},
          "foreignFunctionParameters": [
              { "parameterAnnotations": [],
                "parameterName": "x",
                "parameterType": {"CFloat": []}
              }
          ]
        },
        { "foreignFunctionName": "__isinfl",
          "foreignFunctionAnnotations": [],
          "foreignFunctionLinkage": { "LinkDefault": [] },
          "foreignFunctionReturnType": {"CInt": 32},
          "foreignFunctionParameters": [
              { "parameterAnnotations": [],
                "parameterName": "x",
                "parameterType": {"CDouble": []}
              }
          ]
        },
        { "foreignFunctionName": "__isfinite",
          "foreignFunctionAnnotations": [],
          "foreignFunctionLinkage": { "LinkDefault": [] },
          "foreignFunctionReturnType": {"CInt": 32},
          "foreignFunctionParameters": [
              { "parameterAnnotations": [],
                "parameterName": "x",
                "parameterType": {"CDouble": []}
              }
          ]
        },
        { "foreignFunctionName": "__isfinitef",
          "foreignFunctionAnnotations": [],
          "foreignFunctionLinkage": { "LinkDefault": [] },
          "foreignFunctionReturnType": {"CInt": 32},
          "foreignFunctionParameters": [
              { "parameterAnnotations": [],
                "parameterName": "x",
                "parameterType": {"CFloat": []}
              }
          ]
        },
        { "foreignFunctionName": "__isfinitel",
          "foreignFunctionAnnotations": [],
          "foreignFunctionLinkage": { "LinkDefault": [] },
          "foreignFunctionReturnType": {"CInt": 32},
          "foreignFunctionParameters": [
              { "parameterAnnotations": [],
                "parameterName": "x",
                "parameterType": {"CDouble": []}
              }
          ]
        },
        { "foreignFunctionName": "__fpclassify",
          "foreignFunctionAnnotations": [],
          "foreignFunctionLinkage": { "LinkDefault": [] },
          "foreignFunctionReturnType": {"CInt": 32},
          "foreignFunctionParameters": [
              { "parameterAnnotations": [],
                "parameterName": "x",
                "parameterType": {"CDouble": []}
              }
          ]
        },
        { "foreignFunctionName": "__fpclassifyf",
          "foreignFunctionAnnotations": [],
          "foreignFunctionLinkage": { "LinkDefault": [] },
          "foreignFunctionReturnType": {"CInt": 32},
          "foreignFunctionParameters": [
              { "parameterAnnotations": [],
                "parameterName": "x",
                "parameterType": {"CFloat": []}
              }
          ]
        },
        { "foreignFunctionName": "__fpclassifyl",
          "foreignFunctionAnnotations": [],
          "foreignFunctionLinkage": { "LinkDefault": [] },
          "foreignFunctionReturnType": {"CInt": 32},
          "foreignFunctionParameters": [
              { "parameterAnnotations": [],
                "parameterName": "x",
                "parameterType": {"CDouble": []}
              }
          ]
        },
        { "foreignFunctionName": "__signbit",
          "foreignFunctionAnnotations": [],
          "foreignFunctionLinkage": { "LinkDefault": [] },
          "foreignFunctionReturnType": {"CInt": 32},
          "foreignFunctionParameters": [
              { "parameterAnnotations": [],
                "parameterName": "x",
                "parameterType": {"CDouble": []}
              }
          ]
        },
        { "foreignFunctionName": "__signbitf",
          "foreignFunctionAnnotations": [],
          "foreignFunctionLinkage": { "LinkDefault": [] },
          "foreignFunctionReturnType": {"CInt": 32},
          "foreignFunctionParameters": [
              { "parameterAnnotations": [],
                "parameterName": "x",
                "parameterType": {"CFloat": []}
              }
          ]
        },
        { "foreignFunctionName": "__signbitl",
          "foreignFunctionAnnotations": [],
          "foreignFunctionLinkage": { "LinkDefault": [] },
          "foreignFunctionReturnType": {"CInt": 32},
          "foreignFunctionParameters": [
              { "parameterAnnotations": [],
                "parameterName": "x",
                "parameterType": {"CDouble": []}
              }
          ]
        },
        { "foreignFunctionName": "__finite",
          "foreignFunctionAnnotations": [],
          "foreignFunctionLinkage": { "LinkDefault": [] },
          "foreignFunctionReturnType": {"CInt": 32},
          "foreignFunctionParameters": [
              { "parameterAnnotations": [],
                "parameterName": "x",
                "parameterType": {"CDouble": []}
              }
          ]
        },
        { "foreignFunctionName": "__finitef",
          "foreignFunctionAnnotations": [],
          "foreignFunctionLinkage": { "LinkDefault": [] },
          "foreignFunctionReturnType": {"CInt": 32},
          "foreignFunctionParameters": [
              { "parameterAnnotations": [],
                "parameterName": "x",
                "parameterType": {"CFloat": []}
              }
          ]
        },
        { "foreignFunctionName": "__finitel",
          "foreignFunctionAnnotations": [],
          "foreignFunctionLinkage": { "LinkDefault": [] },
          "foreignFunctionReturnType": {"CInt": 32},
          "foreignFunctionParameters": [
              { "parameterAnnotations": [],
                "parameterName": "x",
                "parameterType": {"CDouble": []}
              }
          ]
        }
    ]
}
